	participant_id	session_id
6	sub-NDARVG132NF6	ses-VNav
8	sub-NDARKT593WDF	ses-HCP
21	sub-NDARKZ085UKQ	ses-HCP
22	sub-NDARNL926VB7	ses-HCP
27	sub-NDARFM811ZCE	ses-HCP
30	sub-NDARMB857WG7	ses-HCP
32	sub-NDARPD572XRC	ses-HCP
34	sub-NDARKL327YDQ	ses-VNav
40	sub-NDARTT517NTJ	ses-HCP
42	sub-NDARHW968ABB	ses-VNav
53	sub-NDARAR358RHK	ses-VNav
54	sub-NDARVG246LT7	ses-HCP
56	sub-NDARPN886HH9	ses-HCP
64	sub-NDARXD907ZJL	ses-HCP
67	sub-NDARUX408KJ1	ses-HCP
71	sub-NDARHB803UT9	ses-VNav
74	sub-NDARFT698LLU	ses-HCP
77	sub-NDARPY478YM0	ses-VNav
78	sub-NDARKK597VDH	ses-VNav
110	sub-NDARGM196JMM	ses-VNav
112	sub-NDARGM439FZD	ses-HCP
118	sub-NDARJC294YNX	ses-HCP
119	sub-NDARXW410HP6	ses-VNav
126	sub-NDARBV390UY5	ses-HCP
133	sub-NDARCU057BFP	ses-HCP
134	sub-NDARPY478YM0	ses-HCP
154	sub-NDARCM268ULX	ses-HCP
178	sub-NDARKH168MC1	ses-VNav
198	sub-NDARZT957CWG	ses-HCP
207	sub-NDARZW720WG1	ses-HCP
238	sub-NDARXW045HPY	ses-HCP
242	sub-NDARJD111BGM	ses-HCP
253	sub-NDARZE963MEU	ses-HCP
285	sub-NDARFD316UD2	ses-VNav
289	sub-NDARLL968KK1	ses-VNav
301	sub-NDARFF061VUK	ses-HCP
311	sub-NDARVV095BWU	ses-HCP
326	sub-NDARVX111CNA	ses-VNav
333	sub-NDARXD907ZJL	ses-VNav
335	sub-NDARCR576EV1	ses-HCP
340	sub-NDARVC558CAA	ses-VNav
341	sub-NDARZM903TNL	ses-VNav
345	sub-NDARMV605LGH	ses-HCP
369	sub-NDARMN043YKC	ses-VNav
393	sub-NDARLU274CC7	ses-VNav
404	sub-NDARJK482MZB	ses-VNav
405	sub-NDARFD316UD2	ses-HCP
414	sub-NDARKG697CEW	ses-VNav
423	sub-NDARNE906EJA	ses-HCP
432	sub-NDARYC953CE2	ses-HCP
435	sub-NDARVY035UNP	ses-VNav
437	sub-NDARPM002AXQ	ses-VNav
456	sub-NDARVT648BWF	ses-VNav
463	sub-NDARDY776AKH	ses-VNav
486	sub-NDARPF362VH8	ses-HCP
487	sub-NDARCP698AT5	ses-VNav
490	sub-NDARTJ433TB5	ses-VNav
493	sub-NDARFM619GTV	ses-HCP
500	sub-NDARDE827UF0	ses-HCP
536	sub-NDARDT308PP4	ses-HCP
539	sub-NDARMK825WAX	ses-HCP
546	sub-NDARBN264UNZ	ses-VNav
548	sub-NDARCV606ZZ5	ses-VNav
563	sub-NDARZW873DN3	ses-VNav
565	sub-NDARTB661TVR	ses-HCP
571	sub-NDARCY072MZ7	ses-HCP
579	sub-NDARYM063XB8	ses-VNav
581	sub-NDARFT698LLU	ses-VNav
582	sub-NDARVN280JTN	ses-HCP
593	sub-NDARCH628LKW	ses-VNav
604	sub-NDARTL995AN9	ses-HCP
607	sub-NDARGG547JN2	ses-HCP
609	sub-NDARUM009GEZ	ses-HCP
636	sub-NDARWR247CE1	ses-VNav
637	sub-NDARYA955CY1	ses-VNav
639	sub-NDARDM119WB1	ses-VNav
647	sub-NDARKG697CEW	ses-HCP
648	sub-NDARAU530GLJ	ses-VNav
654	sub-NDARPG873DJP	ses-HCP
667	sub-NDAREE675XRY	ses-HCP
669	sub-NDARKT312RUD	ses-HCP
671	sub-NDARLP183TNJ	ses-HCP
685	sub-NDARJR473HXT	ses-VNav
697	sub-NDARWE818UA6	ses-VNav
726	sub-NDARRH694YCJ	ses-HCP
732	sub-NDARRB901DWV	ses-VNav
734	sub-NDARFU395UBW	ses-VNav
747	sub-NDARGA921UHR	ses-HCP
749	sub-NDARKH944KVE	ses-HCP
761	sub-NDARBW320UFW	ses-HCP
764	sub-NDARNB427ARE	ses-HCP
766	sub-NDARKV800DTW	ses-VNav
778	sub-NDARHG125NEN	ses-HCP
800	sub-NDARTT287KFN	ses-VNav
802	sub-NDARDA516MNY	ses-HCP
804	sub-NDARYC953CE2	ses-VNav
812	sub-NDARDM156AVJ	ses-HCP
821	sub-NDARAP457WB5	ses-VNav
832	sub-NDARFU395UBW	ses-HCP
849	sub-NDARDB161LU6	ses-HCP
864	sub-NDARML681XZJ	ses-VNav
875	sub-NDARJA262HTY	ses-HCP
879	sub-NDARDW178AC6	ses-VNav
911	sub-NDARYM277DEA	ses-HCP
922	sub-NDARZU401RCU	ses-HCP
941	sub-NDARTU319KKP	ses-VNav
976	sub-NDARFJ179MG0	ses-HCP
977	sub-NDARNF873FCV	ses-HCP
989	sub-NDARER318CE4	ses-VNav
990	sub-NDARYK164AEJ	ses-VNav
993	sub-NDARDR240WKM	ses-HCP
1000	sub-NDARCR743RHQ	ses-HCP
1002	sub-NDARCR743RHQ	ses-VNav
1011	sub-NDARKC978MR4	ses-VNav
1019	sub-NDARPJ395JDY	ses-HCP
1020	sub-NDARJG086ZMJ	ses-VNav
1026	sub-NDARVX111CNA	ses-HCP
1039	sub-NDARAJ674WJT	ses-HCP
1048	sub-NDARAA504CRN	ses-HCP
1050	sub-NDARFJ803JF7	ses-VNav
1052	sub-NDARGW180RV4	ses-VNav
1054	sub-NDARUT891XYJ	ses-VNav
1066	sub-NDARXJ125LXZ	ses-VNav
1070	sub-NDARMV319CAT	ses-VNav
1098	sub-NDARJV225EYT	ses-VNav
1102	sub-NDARGW180RV4	ses-HCP
1115	sub-NDARKV353MTD	ses-VNav
1128	sub-NDARLT294VUD	ses-VNav
1136	sub-NDARAP457WB5	ses-HCP
1157	sub-NDARLE335PRN	ses-VNav
1187	sub-NDARHX934KJ5	ses-VNav
1230	sub-NDARXE854EDK	ses-HCP
1276	sub-NDARGM439FZD	ses-VNav
1277	sub-NDARHY693FNZ	ses-HCP
1284	sub-NDARLT294VUD	ses-HCP
1306	sub-NDARKV309YFH	ses-HCP
1325	sub-NDARCA618DGA	ses-VNav
1327	sub-NDARCL008HLA	ses-VNav
1342	sub-NDARGR617JAM	ses-HCP
1353	sub-NDARZY805HRT	ses-VNav
1364	sub-NDARND645RXK	ses-HCP
1413	sub-NDARRV688GUX	ses-VNav
1434	sub-NDARJK482MZB	ses-HCP
1441	sub-NDARWY514DEX	ses-VNav
1445	sub-NDARCR743RHQ	ses-VNav
1475	sub-NDARJJ638NAC	ses-VNav
1503	sub-NDARYK042VMG	ses-HCP
1519	sub-NDARLZ701LJ3	ses-HCP
1520	sub-NDARZP542LJK	ses-HCP
1522	sub-NDARBN620TT7	ses-HCP
1526	sub-NDARAK770XEW	ses-HCP
1563	sub-NDARYN152YMW	ses-VNav
1568	sub-NDARHG445GAA	ses-HCP
1569	sub-NDARVV704MND	ses-VNav
1593	sub-NDARGP669PKX	ses-VNav
1596	sub-NDARPL501ZUU	ses-VNav
1600	sub-NDARYA857NDW	ses-VNav
1614	sub-NDARAN524ZK6	ses-VNav
1619	sub-NDARDY776AKH	ses-HCP
1621	sub-NDARYU572UL0	ses-HCP
1629	sub-NDAREU073NFU	ses-VNav
1645	sub-NDARHG445GAA	ses-VNav
1646	sub-NDARFJ803JF7	ses-HCP
1663	sub-NDARFF061VUK	ses-VNav
1664	sub-NDARUV041YCY	ses-HCP
1680	sub-NDARLL968KK1	ses-HCP
1698	sub-NDARGH230EG2	ses-HCP
1702	sub-NDARMV605LGH	ses-VNav
1704	sub-NDARMA390CHB	ses-VNav
1710	sub-NDARDX433HXA	ses-HCP
1718	sub-NDARYE379GGT	ses-HCP
1727	sub-NDARPJ502KEH	ses-VNav
1733	sub-NDARGJ954FP7	ses-HCP
1753	sub-NDARDG929LYJ	ses-VNav
1771	sub-NDARDD854GF8	ses-VNav
1777	sub-NDAREL410HHK	ses-VNav
1812	sub-NDARHB803UT9	ses-HCP
1822	sub-NDARXV294YRJ	ses-HCP
1825	sub-NDARGR617JAM	ses-VNav
1830	sub-NDARKU649DB7	ses-HCP
1837	sub-NDARYP863PZ4	ses-HCP
1874	sub-NDARPE752VYE	ses-HCP
1896	sub-NDARHX963YU1	ses-VNav
1898	sub-NDARXE854EDK	ses-VNav
1911	sub-NDARHD931FNA	ses-HCP
1922	sub-NDARHC083LM6	ses-VNav
1923	sub-NDARRV877ERG	ses-HCP
1927	sub-NDARTH065GZ0	ses-VNav
1931	sub-NDARXR346UT5	ses-VNav
1958	sub-NDARMB216LA6	ses-VNav
1964	sub-NDARYA877HN5	ses-HCP
1970	sub-NDARNJ633HHX	ses-VNav
1976	sub-NDARMA390CHB	ses-HCP
1980	sub-NDARRA981BCM	ses-HCP
1982	sub-NDARXU376FDN	ses-VNav
1983	sub-NDARBZ925PRF	ses-HCP
1993	sub-NDAREN417DJE	ses-VNav
1994	sub-NDARBZ925PRF	ses-VNav
2000	sub-NDARWJ414WB8	ses-HCP
2001	sub-NDARRL426AD5	ses-HCP
2002	sub-NDARRB889VDF	ses-HCP
2004	sub-NDARRC295CHW	ses-VNav
2006	sub-NDARFY525TL2	ses-VNav
2007	sub-NDARFB146TG0	ses-HCP
2010	sub-NDARAN524ZK6	ses-HCP
2019	sub-NDARPL215MTH	ses-HCP
2034	sub-NDARPF319WV2	ses-VNav
2038	sub-NDARYE850ZVD	ses-HCP
2061	sub-NDARLY867ZD4	ses-HCP
2066	sub-NDARPJ502KEH	ses-HCP
2069	sub-NDARPA917PE9	ses-HCP
2070	sub-NDARUK931MGT	ses-HCP
2081	sub-NDARRV688GUX	ses-HCP
2122	sub-NDARXZ741VH0	ses-VNav
2131	sub-NDARTV480WBU	ses-HCP
2145	sub-NDARJR473HXT	ses-HCP
2151	sub-NDARHE772FWW	ses-HCP
2162	sub-NDARWV952EZT	ses-VNav
2164	sub-NDARMU443RHZ	ses-VNav
2193	sub-NDARNH862EMH	ses-HCP
2199	sub-NDARBZ925PRF	ses-VNav
2217	sub-NDARYC574EA3	ses-VNav
2245	sub-NDARUX408KJ1	ses-VNav
2248	sub-NDARJF579EH9	ses-VNav
2249	sub-NDARNZ084JVC	ses-HCP
2250	sub-NDARVV769EZ8	ses-HCP
2265	sub-NDARHT417AYP	ses-HCP
2269	sub-NDARZM903TNL	ses-HCP
2287	sub-NDARWZ865ZMK	ses-HCP
2292	sub-NDARKF899ZUB	ses-HCP
2303	sub-NDARKT312RUD	ses-VNav
2311	sub-NDARGU844NZ3	ses-VNav
2335	sub-NDARTG686JTF	ses-HCP
2347	sub-NDARGG423UMK	ses-VNav
2351	sub-NDARVU416CR6	ses-HCP
2352	sub-NDARZY502FAG	ses-HCP
2358	sub-NDARBG188RA5	ses-VNav
2359	sub-NDARHG525ZK8	ses-VNav
2364	sub-NDARHR386KRJ	ses-HCP
2386	sub-NDARWE818UA6	ses-HCP
2404	sub-NDARKN633WZA	ses-VNav
2411	sub-NDARYF699FW0	ses-HCP
2419	sub-NDARWY718TY7	ses-VNav
2421	sub-NDARZH521MMD	ses-HCP
2424	sub-NDARRX897XV1	ses-VNav
2446	sub-NDARGZ553TMQ	ses-HCP
2452	sub-NDARPX661BF1	ses-HCP
2457	sub-NDARHX934KJ5	ses-HCP
2465	sub-NDARKH168MC1	ses-HCP
2468	sub-NDARAJ182PTB	ses-HCP
2470	sub-NDARRK135YAZ	ses-VNav
2478	sub-NDARCJ348YVB	ses-HCP
2497	sub-NDARRK135YAZ	ses-HCP
2501	sub-NDARJK147LNJ	ses-VNav
2523	sub-NDARBV663TRE	ses-HCP
2524	sub-NDARPJ151ERK	ses-VNav
2546	sub-NDARRK135YAZ	ses-VNav
2558	sub-NDARFD620BUW	ses-VNav
2573	sub-NDARKZ312XR1	ses-HCP
2583	sub-NDARGG547JN2	ses-VNav
2586	sub-NDARGH230EG2	ses-VNav
2594	sub-NDARAG115LZP	ses-VNav
2595	sub-NDARAZ681CYF	ses-HCP
2601	sub-NDARJA959GNZ	ses-VNav
2606	sub-NDARPE424GZZ	ses-HCP
2621	sub-NDARFJ494ZDJ	ses-VNav
2641	sub-NDARYE850ZVD	ses-VNav
2660	sub-NDARVE086HX4	ses-VNav
2662	sub-NDARYC574EA3	ses-HCP
2678	sub-NDARRZ145TFN	ses-VNav
2679	sub-NDARJC559WW5	ses-HCP
2691	sub-NDARFB827ETL	ses-VNav
2699	sub-NDARKG697CEW	ses-HCP
2707	sub-NDARKV800DTW	ses-HCP
2708	sub-NDARGN782BZN	ses-HCP
2719	sub-NDARGV455JV1	ses-HCP
2721	sub-NDARCM080BVQ	ses-HCP
2722	sub-NDARTJ862ENU	ses-VNav
2729	sub-NDARBG605BAR	ses-HCP
2735	sub-NDARHM270YKH	ses-HCP
2776	sub-NDARAY969YUW	ses-HCP
2780	sub-NDARTJ862ENU	ses-VNav
2785	sub-NDARLR924YAV	ses-HCP
2789	sub-NDARGP669PKX	ses-HCP
2795	sub-NDARJF156KMU	ses-VNav
2804	sub-NDARVX111CNA	ses-HCP
2813	sub-NDARVC997CME	ses-HCP
2825	sub-NDARKB421MTA	ses-VNav
2844	sub-NDARGU844NZ3	ses-HCP
2850	sub-NDARTF781TM8	ses-HCP
2855	sub-NDARHZ413DZL	ses-HCP
2866	sub-NDARAC296UCB	ses-VNav
2872	sub-NDARNN745ZEK	ses-VNav
2886	sub-NDARWK104FLX	ses-VNav
2893	sub-NDARKZ312XR1	ses-VNav
2905	sub-NDARMG675JB4	ses-HCP
2911	sub-NDARLE335PRN	ses-HCP
2920	sub-NDARAG115LZP	ses-HCP
2933	sub-NDARNK139XNA	ses-HCP
2942	sub-NDARRK135YAZ	ses-HCP
2947	sub-NDARTV296UNC	ses-HCP
2949	sub-NDARHB803UT9	ses-VNav
2955	sub-NDARCR743RHQ	ses-HCP
2961	sub-NDARVB587ECK	ses-HCP
2978	sub-NDARTT287KFN	ses-HCP
2986	sub-NDARAU530GLJ	ses-HCP
2995	sub-NDARWV487HE0	ses-VNav
3023	sub-NDARUC356FCD	ses-HCP
3027	sub-NDARBF851NH6	ses-HCP
3033	sub-NDARMK046ZRK	ses-HCP
3044	sub-NDARRV877ERG	ses-VNav
3048	sub-NDARCN515KCL	ses-HCP
3053	sub-NDARRC295CHW	ses-HCP
3062	sub-NDARKV800DTW	ses-HCP
3078	sub-NDARTJ862ENU	ses-HCP
3079	sub-NDARAK770XEW	ses-VNav
3091	sub-NDARVM326HYM	ses-HCP
3106	sub-NDARUT891XYJ	ses-HCP
3111	sub-NDAREV342ABE	ses-HCP
3113	sub-NDARFY623ZTE	ses-HCP
3117	sub-NDAREM757NBG	ses-HCP
3140	sub-NDARHP344PRU	ses-HCP
3150	sub-NDARMN043YKC	ses-HCP
3151	sub-NDARAJ977PRJ	ses-HCP
3165	sub-NDARBR533KJZ	ses-HCP
3173	sub-NDARDD193HUP	ses-HCP
3180	sub-NDARKP414AZ5	ses-HCP
3184	sub-NDARFM211KDJ	ses-HCP
3213	sub-NDARPM002AXQ	ses-HCP
3256	sub-NDARRA981BCM	ses-VNav
3267	sub-NDARDD193HUP	ses-VNav
3268	sub-NDARDM119WB1	ses-HCP
3274	sub-NDARRZ120VU2	ses-HCP
3323	sub-NDARHT417AYP	ses-VNav
3326	sub-NDARHY693FNZ	ses-VNav
3328	sub-NDARJA788CH7	ses-HCP
3348	sub-NDARVE086HX4	ses-HCP
3353	sub-NDARAC331VEH	ses-HCP
