,0
0,sub-NDARNZ084JVC/ses-HCP/gen-005
1,sub-NDARNZ084JVC/ses-HCP/gen-044
2,sub-NDARNZ084JVC/ses-HCP/gen-024
3,sub-NDARNZ084JVC/ses-HCP/gen-016
4,sub-NDARNZ084JVC/ses-HCP/gen-048
5,sub-NDARNZ084JVC/ses-HCP/gen-038
6,sub-NDARNZ084JVC/ses-HCP/gen-033
7,sub-NDARNZ084JVC/ses-HCP/gen-010
8,sub-NDARNZ084JVC/ses-HCP/gen-031
9,sub-NDARNZ084JVC/ses-HCP/gen-043
10,sub-NDARNZ084JVC/ses-HCP/gen-027
11,sub-NDARNZ084JVC/ses-HCP/gen-020
12,sub-NDARNZ084JVC/ses-HCP/gen-039
13,sub-NDARNZ084JVC/ses-HCP/gen-018
14,sub-NDARNZ084JVC/ses-HCP/gen-029
15,sub-NDARNZ084JVC/ses-HCP/gen-orig
16,sub-NDARNZ084JVC/ses-HCP/gen-036
17,sub-NDARNZ084JVC/ses-HCP/gen-030
18,sub-NDARNZ084JVC/ses-HCP/gen-042
19,sub-NDARNZ084JVC/ses-HCP/gen-019
20,sub-NDARNZ084JVC/ses-HCP/gen-025
21,sub-NDARNZ084JVC/ses-HCP/gen-023
22,sub-NDARNZ084JVC/ses-HCP/gen-041
23,sub-NDARNZ084JVC/ses-HCP/gen-013
24,sub-NDARNZ084JVC/ses-HCP/gen-021
25,sub-NDARNZ084JVC/ses-HCP/gen-001
26,sub-NDARNZ084JVC/ses-HCP/gen-015
27,sub-NDARNZ084JVC/ses-HCP/gen-007
28,sub-NDARNZ084JVC/ses-HCP/gen-034
29,sub-NDARNZ084JVC/ses-HCP/gen-032
30,sub-NDARNZ084JVC/ses-HCP/gen-008
31,sub-NDARNZ084JVC/ses-HCP/gen-006
32,sub-NDARNZ084JVC/ses-HCP/gen-046
33,sub-NDARNZ084JVC/ses-HCP/gen-049
34,sub-NDARNZ084JVC/ses-HCP/gen-022
35,sub-NDARNZ084JVC/ses-HCP/gen-014
36,sub-NDARNZ084JVC/ses-HCP/gen-047
37,sub-NDARNZ084JVC/ses-HCP/gen-017
38,sub-NDARNZ084JVC/ses-HCP/gen-002
39,sub-NDARNZ084JVC/ses-HCP/gen-003
40,sub-NDARNZ084JVC/ses-HCP/gen-037
41,sub-NDARNZ084JVC/ses-HCP/gen-012
42,sub-NDARNZ084JVC/ses-HCP/gen-040
43,sub-NDARNZ084JVC/ses-HCP/gen-009
44,sub-NDARNZ084JVC/ses-HCP/gen-045
45,sub-NDARNZ084JVC/ses-HCP/gen-000
46,sub-NDARNZ084JVC/ses-HCP/gen-026
47,sub-NDARNZ084JVC/ses-HCP/gen-004
48,sub-NDARNZ084JVC/ses-HCP/gen-028
49,sub-NDARNZ084JVC/ses-HCP/gen-011
50,sub-NDARNZ084JVC/ses-HCP/gen-035
51,sub-NDARBV663TRE/ses-HCP/gen-005
52,sub-NDARBV663TRE/ses-HCP/gen-044
53,sub-NDARBV663TRE/ses-HCP/gen-024
54,sub-NDARBV663TRE/ses-HCP/gen-016
55,sub-NDARBV663TRE/ses-HCP/gen-048
56,sub-NDARBV663TRE/ses-HCP/gen-038
57,sub-NDARBV663TRE/ses-HCP/gen-033
58,sub-NDARBV663TRE/ses-HCP/gen-010
59,sub-NDARBV663TRE/ses-HCP/gen-031
60,sub-NDARBV663TRE/ses-HCP/gen-043
61,sub-NDARBV663TRE/ses-HCP/gen-027
62,sub-NDARBV663TRE/ses-HCP/gen-020
63,sub-NDARBV663TRE/ses-HCP/gen-039
64,sub-NDARBV663TRE/ses-HCP/gen-018
65,sub-NDARBV663TRE/ses-HCP/gen-029
66,sub-NDARBV663TRE/ses-HCP/gen-orig
67,sub-NDARBV663TRE/ses-HCP/gen-036
68,sub-NDARBV663TRE/ses-HCP/gen-030
69,sub-NDARBV663TRE/ses-HCP/gen-042
70,sub-NDARBV663TRE/ses-HCP/gen-019
71,sub-NDARBV663TRE/ses-HCP/gen-025
72,sub-NDARBV663TRE/ses-HCP/gen-023
73,sub-NDARBV663TRE/ses-HCP/gen-041
74,sub-NDARBV663TRE/ses-HCP/gen-013
75,sub-NDARBV663TRE/ses-HCP/gen-021
76,sub-NDARBV663TRE/ses-HCP/gen-001
77,sub-NDARBV663TRE/ses-HCP/gen-015
78,sub-NDARBV663TRE/ses-HCP/gen-007
79,sub-NDARBV663TRE/ses-HCP/gen-034
80,sub-NDARBV663TRE/ses-HCP/gen-032
81,sub-NDARBV663TRE/ses-HCP/gen-008
82,sub-NDARBV663TRE/ses-HCP/gen-006
83,sub-NDARBV663TRE/ses-HCP/gen-046
84,sub-NDARBV663TRE/ses-HCP/gen-049
85,sub-NDARBV663TRE/ses-HCP/gen-022
86,sub-NDARBV663TRE/ses-HCP/gen-014
87,sub-NDARBV663TRE/ses-HCP/gen-047
88,sub-NDARBV663TRE/ses-HCP/gen-017
89,sub-NDARBV663TRE/ses-HCP/gen-002
90,sub-NDARBV663TRE/ses-HCP/gen-003
91,sub-NDARBV663TRE/ses-HCP/gen-037
92,sub-NDARBV663TRE/ses-HCP/gen-012
93,sub-NDARBV663TRE/ses-HCP/gen-040
94,sub-NDARBV663TRE/ses-HCP/gen-009
95,sub-NDARBV663TRE/ses-HCP/gen-045
96,sub-NDARBV663TRE/ses-HCP/gen-000
97,sub-NDARBV663TRE/ses-HCP/gen-026
98,sub-NDARBV663TRE/ses-HCP/gen-004
99,sub-NDARBV663TRE/ses-HCP/gen-028
100,sub-NDARBV663TRE/ses-HCP/gen-011
101,sub-NDARBV663TRE/ses-HCP/gen-035
102,sub-NDAREL410HHK/ses-VNav/gen-005
103,sub-NDAREL410HHK/ses-VNav/gen-044
104,sub-NDAREL410HHK/ses-VNav/gen-024
105,sub-NDAREL410HHK/ses-VNav/gen-016
106,sub-NDAREL410HHK/ses-VNav/gen-038
107,sub-NDAREL410HHK/ses-VNav/gen-010
108,sub-NDAREL410HHK/ses-VNav/gen-031
109,sub-NDAREL410HHK/ses-VNav/gen-027
110,sub-NDAREL410HHK/ses-VNav/gen-020
111,sub-NDAREL410HHK/ses-VNav/gen-039
112,sub-NDAREL410HHK/ses-VNav/gen-018
113,sub-NDAREL410HHK/ses-VNav/gen-029
114,sub-NDAREL410HHK/ses-VNav/gen-orig
115,sub-NDAREL410HHK/ses-VNav/gen-036
116,sub-NDAREL410HHK/ses-VNav/gen-030
117,sub-NDAREL410HHK/ses-VNav/gen-042
118,sub-NDAREL410HHK/ses-VNav/gen-019
119,sub-NDAREL410HHK/ses-VNav/gen-025
120,sub-NDAREL410HHK/ses-VNav/gen-023
121,sub-NDAREL410HHK/ses-VNav/gen-041
122,sub-NDAREL410HHK/ses-VNav/gen-013
123,sub-NDAREL410HHK/ses-VNav/gen-021
124,sub-NDAREL410HHK/ses-VNav/gen-001
125,sub-NDAREL410HHK/ses-VNav/gen-007
126,sub-NDAREL410HHK/ses-VNav/gen-034
127,sub-NDAREL410HHK/ses-VNav/gen-032
128,sub-NDAREL410HHK/ses-VNav/gen-008
129,sub-NDAREL410HHK/ses-VNav/gen-006
130,sub-NDAREL410HHK/ses-VNav/gen-046
131,sub-NDAREL410HHK/ses-VNav/gen-049
132,sub-NDAREL410HHK/ses-VNav/gen-022
133,sub-NDAREL410HHK/ses-VNav/gen-014
134,sub-NDAREL410HHK/ses-VNav/gen-047
135,sub-NDAREL410HHK/ses-VNav/gen-017
136,sub-NDAREL410HHK/ses-VNav/gen-002
137,sub-NDAREL410HHK/ses-VNav/gen-003
138,sub-NDAREL410HHK/ses-VNav/gen-037
139,sub-NDAREL410HHK/ses-VNav/gen-012
140,sub-NDAREL410HHK/ses-VNav/gen-040
141,sub-NDAREL410HHK/ses-VNav/gen-009
142,sub-NDAREL410HHK/ses-VNav/gen-000
143,sub-NDAREL410HHK/ses-VNav/gen-026
144,sub-NDAREL410HHK/ses-VNav/gen-004
145,sub-NDAREL410HHK/ses-VNav/gen-028
146,sub-NDAREL410HHK/ses-VNav/gen-011
147,sub-NDAREL410HHK/ses-VNav/gen-035
148,sub-NDARWY718TY7/ses-VNav/gen-005
149,sub-NDARWY718TY7/ses-VNav/gen-044
150,sub-NDARWY718TY7/ses-VNav/gen-024
151,sub-NDARWY718TY7/ses-VNav/gen-016
152,sub-NDARWY718TY7/ses-VNav/gen-048
153,sub-NDARWY718TY7/ses-VNav/gen-038
154,sub-NDARWY718TY7/ses-VNav/gen-033
155,sub-NDARWY718TY7/ses-VNav/gen-010
156,sub-NDARWY718TY7/ses-VNav/gen-031
157,sub-NDARWY718TY7/ses-VNav/gen-043
158,sub-NDARWY718TY7/ses-VNav/gen-027
159,sub-NDARWY718TY7/ses-VNav/gen-039
160,sub-NDARWY718TY7/ses-VNav/gen-018
161,sub-NDARWY718TY7/ses-VNav/gen-029
162,sub-NDARWY718TY7/ses-VNav/gen-orig
163,sub-NDARWY718TY7/ses-VNav/gen-036
164,sub-NDARWY718TY7/ses-VNav/gen-030
165,sub-NDARWY718TY7/ses-VNav/gen-042
166,sub-NDARWY718TY7/ses-VNav/gen-019
167,sub-NDARWY718TY7/ses-VNav/gen-025
168,sub-NDARWY718TY7/ses-VNav/gen-023
169,sub-NDARWY718TY7/ses-VNav/gen-041
170,sub-NDARWY718TY7/ses-VNav/gen-013
171,sub-NDARWY718TY7/ses-VNav/gen-021
172,sub-NDARWY718TY7/ses-VNav/gen-001
173,sub-NDARWY718TY7/ses-VNav/gen-015
174,sub-NDARWY718TY7/ses-VNav/gen-007
175,sub-NDARWY718TY7/ses-VNav/gen-034
176,sub-NDARWY718TY7/ses-VNav/gen-032
177,sub-NDARWY718TY7/ses-VNav/gen-008
178,sub-NDARWY718TY7/ses-VNav/gen-006
179,sub-NDARWY718TY7/ses-VNav/gen-046
180,sub-NDARWY718TY7/ses-VNav/gen-049
181,sub-NDARWY718TY7/ses-VNav/gen-014
182,sub-NDARWY718TY7/ses-VNav/gen-047
183,sub-NDARWY718TY7/ses-VNav/gen-002
184,sub-NDARWY718TY7/ses-VNav/gen-003
185,sub-NDARWY718TY7/ses-VNav/gen-012
186,sub-NDARWY718TY7/ses-VNav/gen-040
187,sub-NDARWY718TY7/ses-VNav/gen-009
188,sub-NDARWY718TY7/ses-VNav/gen-045
189,sub-NDARWY718TY7/ses-VNav/gen-000
190,sub-NDARWY718TY7/ses-VNav/gen-026
191,sub-NDARWY718TY7/ses-VNav/gen-004
192,sub-NDARWY718TY7/ses-VNav/gen-028
193,sub-NDARWY718TY7/ses-VNav/gen-011
194,sub-NDARWY718TY7/ses-VNav/gen-035
195,sub-NDARGV455JV1/ses-HCP/gen-005
196,sub-NDARGV455JV1/ses-HCP/gen-044
197,sub-NDARGV455JV1/ses-HCP/gen-024
198,sub-NDARGV455JV1/ses-HCP/gen-016
199,sub-NDARGV455JV1/ses-HCP/gen-048
200,sub-NDARGV455JV1/ses-HCP/gen-038
201,sub-NDARGV455JV1/ses-HCP/gen-033
202,sub-NDARGV455JV1/ses-HCP/gen-010
203,sub-NDARGV455JV1/ses-HCP/gen-031
204,sub-NDARGV455JV1/ses-HCP/gen-043
205,sub-NDARGV455JV1/ses-HCP/gen-027
206,sub-NDARGV455JV1/ses-HCP/gen-020
207,sub-NDARGV455JV1/ses-HCP/gen-039
208,sub-NDARGV455JV1/ses-HCP/gen-018
209,sub-NDARGV455JV1/ses-HCP/gen-029
210,sub-NDARGV455JV1/ses-HCP/gen-orig
211,sub-NDARGV455JV1/ses-HCP/gen-036
212,sub-NDARGV455JV1/ses-HCP/gen-030
213,sub-NDARGV455JV1/ses-HCP/gen-042
214,sub-NDARGV455JV1/ses-HCP/gen-019
215,sub-NDARGV455JV1/ses-HCP/gen-025
216,sub-NDARGV455JV1/ses-HCP/gen-023
217,sub-NDARGV455JV1/ses-HCP/gen-041
218,sub-NDARGV455JV1/ses-HCP/gen-013
219,sub-NDARGV455JV1/ses-HCP/gen-021
220,sub-NDARGV455JV1/ses-HCP/gen-001
221,sub-NDARGV455JV1/ses-HCP/gen-015
222,sub-NDARGV455JV1/ses-HCP/gen-007
223,sub-NDARGV455JV1/ses-HCP/gen-034
224,sub-NDARGV455JV1/ses-HCP/gen-032
225,sub-NDARGV455JV1/ses-HCP/gen-008
226,sub-NDARGV455JV1/ses-HCP/gen-006
227,sub-NDARGV455JV1/ses-HCP/gen-046
228,sub-NDARGV455JV1/ses-HCP/gen-049
229,sub-NDARGV455JV1/ses-HCP/gen-022
230,sub-NDARGV455JV1/ses-HCP/gen-014
231,sub-NDARGV455JV1/ses-HCP/gen-047
232,sub-NDARGV455JV1/ses-HCP/gen-017
233,sub-NDARGV455JV1/ses-HCP/gen-002
234,sub-NDARGV455JV1/ses-HCP/gen-003
235,sub-NDARGV455JV1/ses-HCP/gen-037
236,sub-NDARGV455JV1/ses-HCP/gen-012
237,sub-NDARGV455JV1/ses-HCP/gen-040
238,sub-NDARGV455JV1/ses-HCP/gen-009
239,sub-NDARGV455JV1/ses-HCP/gen-000
240,sub-NDARGV455JV1/ses-HCP/gen-026
241,sub-NDARGV455JV1/ses-HCP/gen-004
242,sub-NDARGV455JV1/ses-HCP/gen-028
243,sub-NDARGV455JV1/ses-HCP/gen-011
244,sub-NDARGV455JV1/ses-HCP/gen-035
245,sub-NDARZP542LJK/ses-HCP/gen-005
246,sub-NDARZP542LJK/ses-HCP/gen-044
247,sub-NDARZP542LJK/ses-HCP/gen-024
248,sub-NDARZP542LJK/ses-HCP/gen-016
249,sub-NDARZP542LJK/ses-HCP/gen-048
250,sub-NDARZP542LJK/ses-HCP/gen-038
251,sub-NDARZP542LJK/ses-HCP/gen-033
252,sub-NDARZP542LJK/ses-HCP/gen-010
253,sub-NDARZP542LJK/ses-HCP/gen-031
254,sub-NDARZP542LJK/ses-HCP/gen-043
255,sub-NDARZP542LJK/ses-HCP/gen-027
256,sub-NDARZP542LJK/ses-HCP/gen-020
257,sub-NDARZP542LJK/ses-HCP/gen-039
258,sub-NDARZP542LJK/ses-HCP/gen-018
259,sub-NDARZP542LJK/ses-HCP/gen-029
260,sub-NDARZP542LJK/ses-HCP/gen-orig
261,sub-NDARZP542LJK/ses-HCP/gen-036
262,sub-NDARZP542LJK/ses-HCP/gen-030
263,sub-NDARZP542LJK/ses-HCP/gen-042
264,sub-NDARZP542LJK/ses-HCP/gen-019
265,sub-NDARZP542LJK/ses-HCP/gen-025
266,sub-NDARZP542LJK/ses-HCP/gen-023
267,sub-NDARZP542LJK/ses-HCP/gen-041
268,sub-NDARZP542LJK/ses-HCP/gen-013
269,sub-NDARZP542LJK/ses-HCP/gen-021
270,sub-NDARZP542LJK/ses-HCP/gen-001
271,sub-NDARZP542LJK/ses-HCP/gen-015
272,sub-NDARZP542LJK/ses-HCP/gen-007
273,sub-NDARZP542LJK/ses-HCP/gen-034
274,sub-NDARZP542LJK/ses-HCP/gen-032
275,sub-NDARZP542LJK/ses-HCP/gen-008
276,sub-NDARZP542LJK/ses-HCP/gen-006
277,sub-NDARZP542LJK/ses-HCP/gen-046
278,sub-NDARZP542LJK/ses-HCP/gen-049
279,sub-NDARZP542LJK/ses-HCP/gen-022
280,sub-NDARZP542LJK/ses-HCP/gen-014
281,sub-NDARZP542LJK/ses-HCP/gen-047
282,sub-NDARZP542LJK/ses-HCP/gen-017
283,sub-NDARZP542LJK/ses-HCP/gen-002
284,sub-NDARZP542LJK/ses-HCP/gen-003
285,sub-NDARZP542LJK/ses-HCP/gen-037
286,sub-NDARZP542LJK/ses-HCP/gen-012
287,sub-NDARZP542LJK/ses-HCP/gen-040
288,sub-NDARZP542LJK/ses-HCP/gen-009
289,sub-NDARZP542LJK/ses-HCP/gen-045
290,sub-NDARZP542LJK/ses-HCP/gen-000
291,sub-NDARZP542LJK/ses-HCP/gen-026
292,sub-NDARZP542LJK/ses-HCP/gen-004
293,sub-NDARZP542LJK/ses-HCP/gen-028
294,sub-NDARZP542LJK/ses-HCP/gen-011
295,sub-NDARZP542LJK/ses-HCP/gen-035
296,sub-NDARVV095BWU/ses-HCP/gen-005
297,sub-NDARVV095BWU/ses-HCP/gen-044
298,sub-NDARVV095BWU/ses-HCP/gen-024
299,sub-NDARVV095BWU/ses-HCP/gen-016
300,sub-NDARVV095BWU/ses-HCP/gen-048
301,sub-NDARVV095BWU/ses-HCP/gen-038
302,sub-NDARVV095BWU/ses-HCP/gen-010
303,sub-NDARVV095BWU/ses-HCP/gen-031
304,sub-NDARVV095BWU/ses-HCP/gen-043
305,sub-NDARVV095BWU/ses-HCP/gen-027
306,sub-NDARVV095BWU/ses-HCP/gen-020
307,sub-NDARVV095BWU/ses-HCP/gen-039
308,sub-NDARVV095BWU/ses-HCP/gen-018
309,sub-NDARVV095BWU/ses-HCP/gen-029
310,sub-NDARVV095BWU/ses-HCP/gen-orig
311,sub-NDARVV095BWU/ses-HCP/gen-036
312,sub-NDARVV095BWU/ses-HCP/gen-030
313,sub-NDARVV095BWU/ses-HCP/gen-042
314,sub-NDARVV095BWU/ses-HCP/gen-019
315,sub-NDARVV095BWU/ses-HCP/gen-025
316,sub-NDARVV095BWU/ses-HCP/gen-041
317,sub-NDARVV095BWU/ses-HCP/gen-013
318,sub-NDARVV095BWU/ses-HCP/gen-021
319,sub-NDARVV095BWU/ses-HCP/gen-001
320,sub-NDARVV095BWU/ses-HCP/gen-015
321,sub-NDARVV095BWU/ses-HCP/gen-007
322,sub-NDARVV095BWU/ses-HCP/gen-034
323,sub-NDARVV095BWU/ses-HCP/gen-032
324,sub-NDARVV095BWU/ses-HCP/gen-008
325,sub-NDARVV095BWU/ses-HCP/gen-006
326,sub-NDARVV095BWU/ses-HCP/gen-046
327,sub-NDARVV095BWU/ses-HCP/gen-049
328,sub-NDARVV095BWU/ses-HCP/gen-022
329,sub-NDARVV095BWU/ses-HCP/gen-014
330,sub-NDARVV095BWU/ses-HCP/gen-047
331,sub-NDARVV095BWU/ses-HCP/gen-017
332,sub-NDARVV095BWU/ses-HCP/gen-002
333,sub-NDARVV095BWU/ses-HCP/gen-003
334,sub-NDARVV095BWU/ses-HCP/gen-037
335,sub-NDARVV095BWU/ses-HCP/gen-012
336,sub-NDARVV095BWU/ses-HCP/gen-040
337,sub-NDARVV095BWU/ses-HCP/gen-009
338,sub-NDARVV095BWU/ses-HCP/gen-045
339,sub-NDARVV095BWU/ses-HCP/gen-000
340,sub-NDARVV095BWU/ses-HCP/gen-026
341,sub-NDARVV095BWU/ses-HCP/gen-004
342,sub-NDARVV095BWU/ses-HCP/gen-028
343,sub-NDARVV095BWU/ses-HCP/gen-011
344,sub-NDARVV095BWU/ses-HCP/gen-035
345,sub-NDARPY478YM0/ses-VNav/gen-005
346,sub-NDARPY478YM0/ses-VNav/gen-044
347,sub-NDARPY478YM0/ses-VNav/gen-024
348,sub-NDARPY478YM0/ses-VNav/gen-016
349,sub-NDARPY478YM0/ses-VNav/gen-048
350,sub-NDARPY478YM0/ses-VNav/gen-038
351,sub-NDARPY478YM0/ses-VNav/gen-033
352,sub-NDARPY478YM0/ses-VNav/gen-010
353,sub-NDARPY478YM0/ses-VNav/gen-031
354,sub-NDARPY478YM0/ses-VNav/gen-043
355,sub-NDARPY478YM0/ses-VNav/gen-027
356,sub-NDARPY478YM0/ses-VNav/gen-020
357,sub-NDARPY478YM0/ses-VNav/gen-039
358,sub-NDARPY478YM0/ses-VNav/gen-018
359,sub-NDARPY478YM0/ses-VNav/gen-029
360,sub-NDARPY478YM0/ses-VNav/gen-orig
361,sub-NDARPY478YM0/ses-VNav/gen-036
362,sub-NDARPY478YM0/ses-VNav/gen-030
363,sub-NDARPY478YM0/ses-VNav/gen-042
364,sub-NDARPY478YM0/ses-VNav/gen-019
365,sub-NDARPY478YM0/ses-VNav/gen-025
366,sub-NDARPY478YM0/ses-VNav/gen-023
367,sub-NDARPY478YM0/ses-VNav/gen-041
368,sub-NDARPY478YM0/ses-VNav/gen-013
369,sub-NDARPY478YM0/ses-VNav/gen-021
370,sub-NDARPY478YM0/ses-VNav/gen-001
371,sub-NDARPY478YM0/ses-VNav/gen-015
372,sub-NDARPY478YM0/ses-VNav/gen-007
373,sub-NDARPY478YM0/ses-VNav/gen-034
374,sub-NDARPY478YM0/ses-VNav/gen-032
375,sub-NDARPY478YM0/ses-VNav/gen-008
376,sub-NDARPY478YM0/ses-VNav/gen-006
377,sub-NDARPY478YM0/ses-VNav/gen-046
378,sub-NDARPY478YM0/ses-VNav/gen-049
379,sub-NDARPY478YM0/ses-VNav/gen-022
380,sub-NDARPY478YM0/ses-VNav/gen-014
381,sub-NDARPY478YM0/ses-VNav/gen-047
382,sub-NDARPY478YM0/ses-VNav/gen-017
383,sub-NDARPY478YM0/ses-VNav/gen-002
384,sub-NDARPY478YM0/ses-VNav/gen-003
385,sub-NDARPY478YM0/ses-VNav/gen-037
386,sub-NDARPY478YM0/ses-VNav/gen-012
387,sub-NDARPY478YM0/ses-VNav/gen-040
388,sub-NDARPY478YM0/ses-VNav/gen-009
389,sub-NDARPY478YM0/ses-VNav/gen-045
390,sub-NDARPY478YM0/ses-VNav/gen-000
391,sub-NDARPY478YM0/ses-VNav/gen-026
392,sub-NDARPY478YM0/ses-VNav/gen-004
393,sub-NDARPY478YM0/ses-VNav/gen-028
394,sub-NDARPY478YM0/ses-VNav/gen-011
395,sub-NDARPY478YM0/ses-VNav/gen-035
396,sub-NDARPE424GZZ/ses-HCP/gen-005
397,sub-NDARPE424GZZ/ses-HCP/gen-044
398,sub-NDARPE424GZZ/ses-HCP/gen-024
399,sub-NDARPE424GZZ/ses-HCP/gen-016
400,sub-NDARPE424GZZ/ses-HCP/gen-048
401,sub-NDARPE424GZZ/ses-HCP/gen-038
402,sub-NDARPE424GZZ/ses-HCP/gen-033
403,sub-NDARPE424GZZ/ses-HCP/gen-010
404,sub-NDARPE424GZZ/ses-HCP/gen-031
405,sub-NDARPE424GZZ/ses-HCP/gen-043
406,sub-NDARPE424GZZ/ses-HCP/gen-027
407,sub-NDARPE424GZZ/ses-HCP/gen-020
408,sub-NDARPE424GZZ/ses-HCP/gen-039
409,sub-NDARPE424GZZ/ses-HCP/gen-018
410,sub-NDARPE424GZZ/ses-HCP/gen-029
411,sub-NDARPE424GZZ/ses-HCP/gen-orig
412,sub-NDARPE424GZZ/ses-HCP/gen-036
413,sub-NDARPE424GZZ/ses-HCP/gen-030
414,sub-NDARPE424GZZ/ses-HCP/gen-042
415,sub-NDARPE424GZZ/ses-HCP/gen-019
416,sub-NDARPE424GZZ/ses-HCP/gen-025
417,sub-NDARPE424GZZ/ses-HCP/gen-023
418,sub-NDARPE424GZZ/ses-HCP/gen-041
419,sub-NDARPE424GZZ/ses-HCP/gen-013
420,sub-NDARPE424GZZ/ses-HCP/gen-021
421,sub-NDARPE424GZZ/ses-HCP/gen-001
422,sub-NDARPE424GZZ/ses-HCP/gen-015
423,sub-NDARPE424GZZ/ses-HCP/gen-007
424,sub-NDARPE424GZZ/ses-HCP/gen-034
425,sub-NDARPE424GZZ/ses-HCP/gen-032
426,sub-NDARPE424GZZ/ses-HCP/gen-008
427,sub-NDARPE424GZZ/ses-HCP/gen-006
428,sub-NDARPE424GZZ/ses-HCP/gen-046
429,sub-NDARPE424GZZ/ses-HCP/gen-049
430,sub-NDARPE424GZZ/ses-HCP/gen-022
431,sub-NDARPE424GZZ/ses-HCP/gen-014
432,sub-NDARPE424GZZ/ses-HCP/gen-047
433,sub-NDARPE424GZZ/ses-HCP/gen-017
434,sub-NDARPE424GZZ/ses-HCP/gen-002
435,sub-NDARPE424GZZ/ses-HCP/gen-003
436,sub-NDARPE424GZZ/ses-HCP/gen-037
437,sub-NDARPE424GZZ/ses-HCP/gen-012
438,sub-NDARPE424GZZ/ses-HCP/gen-040
439,sub-NDARPE424GZZ/ses-HCP/gen-009
440,sub-NDARPE424GZZ/ses-HCP/gen-045
441,sub-NDARPE424GZZ/ses-HCP/gen-000
442,sub-NDARPE424GZZ/ses-HCP/gen-026
443,sub-NDARPE424GZZ/ses-HCP/gen-004
444,sub-NDARPE424GZZ/ses-HCP/gen-028
445,sub-NDARPE424GZZ/ses-HCP/gen-011
446,sub-NDARPE424GZZ/ses-HCP/gen-035
447,sub-NDARUX408KJ1/ses-VNav/gen-005
448,sub-NDARUX408KJ1/ses-VNav/gen-044
449,sub-NDARUX408KJ1/ses-VNav/gen-024
450,sub-NDARUX408KJ1/ses-VNav/gen-016
451,sub-NDARUX408KJ1/ses-VNav/gen-048
452,sub-NDARUX408KJ1/ses-VNav/gen-038
453,sub-NDARUX408KJ1/ses-VNav/gen-033
454,sub-NDARUX408KJ1/ses-VNav/gen-010
455,sub-NDARUX408KJ1/ses-VNav/gen-031
456,sub-NDARUX408KJ1/ses-VNav/gen-043
457,sub-NDARUX408KJ1/ses-VNav/gen-027
458,sub-NDARUX408KJ1/ses-VNav/gen-020
459,sub-NDARUX408KJ1/ses-VNav/gen-039
460,sub-NDARUX408KJ1/ses-VNav/gen-018
461,sub-NDARUX408KJ1/ses-VNav/gen-029
462,sub-NDARUX408KJ1/ses-VNav/gen-orig
463,sub-NDARUX408KJ1/ses-VNav/gen-036
464,sub-NDARUX408KJ1/ses-VNav/gen-030
465,sub-NDARUX408KJ1/ses-VNav/gen-042
466,sub-NDARUX408KJ1/ses-VNav/gen-019
467,sub-NDARUX408KJ1/ses-VNav/gen-025
468,sub-NDARUX408KJ1/ses-VNav/gen-023
469,sub-NDARUX408KJ1/ses-VNav/gen-041
470,sub-NDARUX408KJ1/ses-VNav/gen-013
471,sub-NDARUX408KJ1/ses-VNav/gen-021
472,sub-NDARUX408KJ1/ses-VNav/gen-001
473,sub-NDARUX408KJ1/ses-VNav/gen-015
474,sub-NDARUX408KJ1/ses-VNav/gen-007
475,sub-NDARUX408KJ1/ses-VNav/gen-034
476,sub-NDARUX408KJ1/ses-VNav/gen-032
477,sub-NDARUX408KJ1/ses-VNav/gen-008
478,sub-NDARUX408KJ1/ses-VNav/gen-006
479,sub-NDARUX408KJ1/ses-VNav/gen-046
480,sub-NDARUX408KJ1/ses-VNav/gen-049
481,sub-NDARUX408KJ1/ses-VNav/gen-022
482,sub-NDARUX408KJ1/ses-VNav/gen-014
483,sub-NDARUX408KJ1/ses-VNav/gen-047
484,sub-NDARUX408KJ1/ses-VNav/gen-017
485,sub-NDARUX408KJ1/ses-VNav/gen-002
486,sub-NDARUX408KJ1/ses-VNav/gen-003
487,sub-NDARUX408KJ1/ses-VNav/gen-037
488,sub-NDARUX408KJ1/ses-VNav/gen-012
489,sub-NDARUX408KJ1/ses-VNav/gen-040
490,sub-NDARUX408KJ1/ses-VNav/gen-009
491,sub-NDARUX408KJ1/ses-VNav/gen-045
492,sub-NDARUX408KJ1/ses-VNav/gen-000
493,sub-NDARUX408KJ1/ses-VNav/gen-026
494,sub-NDARUX408KJ1/ses-VNav/gen-004
495,sub-NDARUX408KJ1/ses-VNav/gen-028
496,sub-NDARUX408KJ1/ses-VNav/gen-011
497,sub-NDARUX408KJ1/ses-VNav/gen-035
498,sub-NDARTT517NTJ/ses-HCP/gen-005
499,sub-NDARTT517NTJ/ses-HCP/gen-044
500,sub-NDARTT517NTJ/ses-HCP/gen-024
501,sub-NDARTT517NTJ/ses-HCP/gen-016
502,sub-NDARTT517NTJ/ses-HCP/gen-048
503,sub-NDARTT517NTJ/ses-HCP/gen-038
504,sub-NDARTT517NTJ/ses-HCP/gen-033
505,sub-NDARTT517NTJ/ses-HCP/gen-010
506,sub-NDARTT517NTJ/ses-HCP/gen-031
507,sub-NDARTT517NTJ/ses-HCP/gen-043
508,sub-NDARTT517NTJ/ses-HCP/gen-027
509,sub-NDARTT517NTJ/ses-HCP/gen-020
510,sub-NDARTT517NTJ/ses-HCP/gen-039
511,sub-NDARTT517NTJ/ses-HCP/gen-018
512,sub-NDARTT517NTJ/ses-HCP/gen-029
513,sub-NDARTT517NTJ/ses-HCP/gen-orig
514,sub-NDARTT517NTJ/ses-HCP/gen-036
515,sub-NDARTT517NTJ/ses-HCP/gen-030
516,sub-NDARTT517NTJ/ses-HCP/gen-042
517,sub-NDARTT517NTJ/ses-HCP/gen-019
518,sub-NDARTT517NTJ/ses-HCP/gen-025
519,sub-NDARTT517NTJ/ses-HCP/gen-023
520,sub-NDARTT517NTJ/ses-HCP/gen-041
521,sub-NDARTT517NTJ/ses-HCP/gen-013
522,sub-NDARTT517NTJ/ses-HCP/gen-021
523,sub-NDARTT517NTJ/ses-HCP/gen-001
524,sub-NDARTT517NTJ/ses-HCP/gen-015
525,sub-NDARTT517NTJ/ses-HCP/gen-007
526,sub-NDARTT517NTJ/ses-HCP/gen-034
527,sub-NDARTT517NTJ/ses-HCP/gen-032
528,sub-NDARTT517NTJ/ses-HCP/gen-008
529,sub-NDARTT517NTJ/ses-HCP/gen-006
530,sub-NDARTT517NTJ/ses-HCP/gen-046
531,sub-NDARTT517NTJ/ses-HCP/gen-049
532,sub-NDARTT517NTJ/ses-HCP/gen-022
533,sub-NDARTT517NTJ/ses-HCP/gen-014
534,sub-NDARTT517NTJ/ses-HCP/gen-047
535,sub-NDARTT517NTJ/ses-HCP/gen-017
536,sub-NDARTT517NTJ/ses-HCP/gen-002
537,sub-NDARTT517NTJ/ses-HCP/gen-003
538,sub-NDARTT517NTJ/ses-HCP/gen-037
539,sub-NDARTT517NTJ/ses-HCP/gen-012
540,sub-NDARTT517NTJ/ses-HCP/gen-040
541,sub-NDARTT517NTJ/ses-HCP/gen-009
542,sub-NDARTT517NTJ/ses-HCP/gen-045
543,sub-NDARTT517NTJ/ses-HCP/gen-000
544,sub-NDARTT517NTJ/ses-HCP/gen-026
545,sub-NDARTT517NTJ/ses-HCP/gen-004
546,sub-NDARTT517NTJ/ses-HCP/gen-028
547,sub-NDARTT517NTJ/ses-HCP/gen-011
548,sub-NDARTT517NTJ/ses-HCP/gen-035
549,sub-NDARJA262HTY/ses-HCP/gen-005
550,sub-NDARJA262HTY/ses-HCP/gen-044
551,sub-NDARJA262HTY/ses-HCP/gen-024
552,sub-NDARJA262HTY/ses-HCP/gen-016
553,sub-NDARJA262HTY/ses-HCP/gen-048
554,sub-NDARJA262HTY/ses-HCP/gen-038
555,sub-NDARJA262HTY/ses-HCP/gen-033
556,sub-NDARJA262HTY/ses-HCP/gen-010
557,sub-NDARJA262HTY/ses-HCP/gen-031
558,sub-NDARJA262HTY/ses-HCP/gen-043
559,sub-NDARJA262HTY/ses-HCP/gen-027
560,sub-NDARJA262HTY/ses-HCP/gen-020
561,sub-NDARJA262HTY/ses-HCP/gen-039
562,sub-NDARJA262HTY/ses-HCP/gen-018
563,sub-NDARJA262HTY/ses-HCP/gen-029
564,sub-NDARJA262HTY/ses-HCP/gen-orig
565,sub-NDARJA262HTY/ses-HCP/gen-036
566,sub-NDARJA262HTY/ses-HCP/gen-030
567,sub-NDARJA262HTY/ses-HCP/gen-042
568,sub-NDARJA262HTY/ses-HCP/gen-019
569,sub-NDARJA262HTY/ses-HCP/gen-025
570,sub-NDARJA262HTY/ses-HCP/gen-023
571,sub-NDARJA262HTY/ses-HCP/gen-041
572,sub-NDARJA262HTY/ses-HCP/gen-013
573,sub-NDARJA262HTY/ses-HCP/gen-021
574,sub-NDARJA262HTY/ses-HCP/gen-001
575,sub-NDARJA262HTY/ses-HCP/gen-015
576,sub-NDARJA262HTY/ses-HCP/gen-007
577,sub-NDARJA262HTY/ses-HCP/gen-034
578,sub-NDARJA262HTY/ses-HCP/gen-032
579,sub-NDARJA262HTY/ses-HCP/gen-008
580,sub-NDARJA262HTY/ses-HCP/gen-006
581,sub-NDARJA262HTY/ses-HCP/gen-046
582,sub-NDARJA262HTY/ses-HCP/gen-049
583,sub-NDARJA262HTY/ses-HCP/gen-022
584,sub-NDARJA262HTY/ses-HCP/gen-014
585,sub-NDARJA262HTY/ses-HCP/gen-047
586,sub-NDARJA262HTY/ses-HCP/gen-017
587,sub-NDARJA262HTY/ses-HCP/gen-002
588,sub-NDARJA262HTY/ses-HCP/gen-003
589,sub-NDARJA262HTY/ses-HCP/gen-037
590,sub-NDARJA262HTY/ses-HCP/gen-012
591,sub-NDARJA262HTY/ses-HCP/gen-040
592,sub-NDARJA262HTY/ses-HCP/gen-009
593,sub-NDARJA262HTY/ses-HCP/gen-045
594,sub-NDARJA262HTY/ses-HCP/gen-000
595,sub-NDARJA262HTY/ses-HCP/gen-026
596,sub-NDARJA262HTY/ses-HCP/gen-004
597,sub-NDARJA262HTY/ses-HCP/gen-028
598,sub-NDARJA262HTY/ses-HCP/gen-011
599,sub-NDARJA262HTY/ses-HCP/gen-035
600,sub-NDARAJ674WJT/ses-HCP/gen-005
601,sub-NDARAJ674WJT/ses-HCP/gen-044
602,sub-NDARAJ674WJT/ses-HCP/gen-024
603,sub-NDARAJ674WJT/ses-HCP/gen-016
604,sub-NDARAJ674WJT/ses-HCP/gen-048
605,sub-NDARAJ674WJT/ses-HCP/gen-038
606,sub-NDARAJ674WJT/ses-HCP/gen-033
607,sub-NDARAJ674WJT/ses-HCP/gen-010
608,sub-NDARAJ674WJT/ses-HCP/gen-031
609,sub-NDARAJ674WJT/ses-HCP/gen-043
610,sub-NDARAJ674WJT/ses-HCP/gen-027
611,sub-NDARAJ674WJT/ses-HCP/gen-020
612,sub-NDARAJ674WJT/ses-HCP/gen-039
613,sub-NDARAJ674WJT/ses-HCP/gen-018
614,sub-NDARAJ674WJT/ses-HCP/gen-029
615,sub-NDARAJ674WJT/ses-HCP/gen-orig
616,sub-NDARAJ674WJT/ses-HCP/gen-036
617,sub-NDARAJ674WJT/ses-HCP/gen-030
618,sub-NDARAJ674WJT/ses-HCP/gen-042
619,sub-NDARAJ674WJT/ses-HCP/gen-019
620,sub-NDARAJ674WJT/ses-HCP/gen-025
621,sub-NDARAJ674WJT/ses-HCP/gen-023
622,sub-NDARAJ674WJT/ses-HCP/gen-041
623,sub-NDARAJ674WJT/ses-HCP/gen-013
624,sub-NDARAJ674WJT/ses-HCP/gen-021
625,sub-NDARAJ674WJT/ses-HCP/gen-001
626,sub-NDARAJ674WJT/ses-HCP/gen-015
627,sub-NDARAJ674WJT/ses-HCP/gen-007
628,sub-NDARAJ674WJT/ses-HCP/gen-034
629,sub-NDARAJ674WJT/ses-HCP/gen-032
630,sub-NDARAJ674WJT/ses-HCP/gen-008
631,sub-NDARAJ674WJT/ses-HCP/gen-006
632,sub-NDARAJ674WJT/ses-HCP/gen-046
633,sub-NDARAJ674WJT/ses-HCP/gen-049
634,sub-NDARAJ674WJT/ses-HCP/gen-022
635,sub-NDARAJ674WJT/ses-HCP/gen-014
636,sub-NDARAJ674WJT/ses-HCP/gen-047
637,sub-NDARAJ674WJT/ses-HCP/gen-017
638,sub-NDARAJ674WJT/ses-HCP/gen-002
639,sub-NDARAJ674WJT/ses-HCP/gen-003
640,sub-NDARAJ674WJT/ses-HCP/gen-037
641,sub-NDARAJ674WJT/ses-HCP/gen-012
642,sub-NDARAJ674WJT/ses-HCP/gen-040
643,sub-NDARAJ674WJT/ses-HCP/gen-009
644,sub-NDARAJ674WJT/ses-HCP/gen-045
645,sub-NDARAJ674WJT/ses-HCP/gen-000
646,sub-NDARAJ674WJT/ses-HCP/gen-026
647,sub-NDARAJ674WJT/ses-HCP/gen-004
648,sub-NDARAJ674WJT/ses-HCP/gen-028
649,sub-NDARAJ674WJT/ses-HCP/gen-011
650,sub-NDARAJ674WJT/ses-HCP/gen-035
651,sub-NDARMA390CHB/ses-VNav/gen-044
652,sub-NDARMA390CHB/ses-VNav/gen-024
653,sub-NDARMA390CHB/ses-VNav/gen-016
654,sub-NDARMA390CHB/ses-VNav/gen-048
655,sub-NDARMA390CHB/ses-VNav/gen-038
656,sub-NDARMA390CHB/ses-VNav/gen-033
657,sub-NDARMA390CHB/ses-VNav/gen-010
658,sub-NDARMA390CHB/ses-VNav/gen-031
659,sub-NDARMA390CHB/ses-VNav/gen-043
660,sub-NDARMA390CHB/ses-VNav/gen-027
661,sub-NDARMA390CHB/ses-VNav/gen-020
662,sub-NDARMA390CHB/ses-VNav/gen-039
663,sub-NDARMA390CHB/ses-VNav/gen-018
664,sub-NDARMA390CHB/ses-VNav/gen-029
665,sub-NDARMA390CHB/ses-VNav/gen-orig
666,sub-NDARMA390CHB/ses-VNav/gen-036
667,sub-NDARMA390CHB/ses-VNav/gen-030
668,sub-NDARMA390CHB/ses-VNav/gen-042
669,sub-NDARMA390CHB/ses-VNav/gen-019
670,sub-NDARMA390CHB/ses-VNav/gen-025
671,sub-NDARMA390CHB/ses-VNav/gen-023
672,sub-NDARMA390CHB/ses-VNav/gen-041
673,sub-NDARMA390CHB/ses-VNav/gen-013
674,sub-NDARMA390CHB/ses-VNav/gen-021
675,sub-NDARMA390CHB/ses-VNav/gen-001
676,sub-NDARMA390CHB/ses-VNav/gen-015
677,sub-NDARMA390CHB/ses-VNav/gen-007
678,sub-NDARMA390CHB/ses-VNav/gen-034
679,sub-NDARMA390CHB/ses-VNav/gen-032
680,sub-NDARMA390CHB/ses-VNav/gen-008
681,sub-NDARMA390CHB/ses-VNav/gen-006
682,sub-NDARMA390CHB/ses-VNav/gen-046
683,sub-NDARMA390CHB/ses-VNav/gen-049
684,sub-NDARMA390CHB/ses-VNav/gen-014
685,sub-NDARMA390CHB/ses-VNav/gen-047
686,sub-NDARMA390CHB/ses-VNav/gen-017
687,sub-NDARMA390CHB/ses-VNav/gen-002
688,sub-NDARMA390CHB/ses-VNav/gen-003
689,sub-NDARMA390CHB/ses-VNav/gen-037
690,sub-NDARMA390CHB/ses-VNav/gen-012
691,sub-NDARMA390CHB/ses-VNav/gen-040
692,sub-NDARMA390CHB/ses-VNav/gen-009
693,sub-NDARMA390CHB/ses-VNav/gen-045
694,sub-NDARMA390CHB/ses-VNav/gen-000
695,sub-NDARMA390CHB/ses-VNav/gen-026
696,sub-NDARMA390CHB/ses-VNav/gen-004
697,sub-NDARMA390CHB/ses-VNav/gen-028
698,sub-NDARMA390CHB/ses-VNav/gen-011
699,sub-NDARMA390CHB/ses-VNav/gen-035
700,sub-NDARWE818UA6/ses-VNav/gen-005
701,sub-NDARWE818UA6/ses-VNav/gen-044
702,sub-NDARWE818UA6/ses-VNav/gen-024
703,sub-NDARWE818UA6/ses-VNav/gen-048
704,sub-NDARWE818UA6/ses-VNav/gen-038
705,sub-NDARWE818UA6/ses-VNav/gen-033
706,sub-NDARWE818UA6/ses-VNav/gen-010
707,sub-NDARWE818UA6/ses-VNav/gen-031
708,sub-NDARWE818UA6/ses-VNav/gen-043
709,sub-NDARWE818UA6/ses-VNav/gen-027
710,sub-NDARWE818UA6/ses-VNav/gen-020
711,sub-NDARWE818UA6/ses-VNav/gen-039
712,sub-NDARWE818UA6/ses-VNav/gen-029
713,sub-NDARWE818UA6/ses-VNav/gen-orig
714,sub-NDARWE818UA6/ses-VNav/gen-036
715,sub-NDARWE818UA6/ses-VNav/gen-030
716,sub-NDARWE818UA6/ses-VNav/gen-042
717,sub-NDARWE818UA6/ses-VNav/gen-019
718,sub-NDARWE818UA6/ses-VNav/gen-025
719,sub-NDARWE818UA6/ses-VNav/gen-023
720,sub-NDARWE818UA6/ses-VNav/gen-041
721,sub-NDARWE818UA6/ses-VNav/gen-013
722,sub-NDARWE818UA6/ses-VNav/gen-021
723,sub-NDARWE818UA6/ses-VNav/gen-001
724,sub-NDARWE818UA6/ses-VNav/gen-015
725,sub-NDARWE818UA6/ses-VNav/gen-007
726,sub-NDARWE818UA6/ses-VNav/gen-034
727,sub-NDARWE818UA6/ses-VNav/gen-032
728,sub-NDARWE818UA6/ses-VNav/gen-008
729,sub-NDARWE818UA6/ses-VNav/gen-006
730,sub-NDARWE818UA6/ses-VNav/gen-046
731,sub-NDARWE818UA6/ses-VNav/gen-049
732,sub-NDARWE818UA6/ses-VNav/gen-022
733,sub-NDARWE818UA6/ses-VNav/gen-014
734,sub-NDARWE818UA6/ses-VNav/gen-047
735,sub-NDARWE818UA6/ses-VNav/gen-002
736,sub-NDARWE818UA6/ses-VNav/gen-037
737,sub-NDARWE818UA6/ses-VNav/gen-012
738,sub-NDARWE818UA6/ses-VNav/gen-040
739,sub-NDARWE818UA6/ses-VNav/gen-009
740,sub-NDARWE818UA6/ses-VNav/gen-045
741,sub-NDARWE818UA6/ses-VNav/gen-000
742,sub-NDARWE818UA6/ses-VNav/gen-026
743,sub-NDARWE818UA6/ses-VNav/gen-004
744,sub-NDARWE818UA6/ses-VNav/gen-028
745,sub-NDARWE818UA6/ses-VNav/gen-035
746,sub-NDARLK306VR9/ses-HCP/gen-005
747,sub-NDARLK306VR9/ses-HCP/gen-044
748,sub-NDARLK306VR9/ses-HCP/gen-024
749,sub-NDARLK306VR9/ses-HCP/gen-016
750,sub-NDARLK306VR9/ses-HCP/gen-048
751,sub-NDARLK306VR9/ses-HCP/gen-038
752,sub-NDARLK306VR9/ses-HCP/gen-033
753,sub-NDARLK306VR9/ses-HCP/gen-010
754,sub-NDARLK306VR9/ses-HCP/gen-031
755,sub-NDARLK306VR9/ses-HCP/gen-043
756,sub-NDARLK306VR9/ses-HCP/gen-027
757,sub-NDARLK306VR9/ses-HCP/gen-020
758,sub-NDARLK306VR9/ses-HCP/gen-039
759,sub-NDARLK306VR9/ses-HCP/gen-018
760,sub-NDARLK306VR9/ses-HCP/gen-029
761,sub-NDARLK306VR9/ses-HCP/gen-orig
762,sub-NDARLK306VR9/ses-HCP/gen-036
763,sub-NDARLK306VR9/ses-HCP/gen-030
764,sub-NDARLK306VR9/ses-HCP/gen-042
765,sub-NDARLK306VR9/ses-HCP/gen-019
766,sub-NDARLK306VR9/ses-HCP/gen-025
767,sub-NDARLK306VR9/ses-HCP/gen-023
768,sub-NDARLK306VR9/ses-HCP/gen-041
769,sub-NDARLK306VR9/ses-HCP/gen-013
770,sub-NDARLK306VR9/ses-HCP/gen-021
771,sub-NDARLK306VR9/ses-HCP/gen-001
772,sub-NDARLK306VR9/ses-HCP/gen-015
773,sub-NDARLK306VR9/ses-HCP/gen-007
774,sub-NDARLK306VR9/ses-HCP/gen-034
775,sub-NDARLK306VR9/ses-HCP/gen-032
776,sub-NDARLK306VR9/ses-HCP/gen-008
777,sub-NDARLK306VR9/ses-HCP/gen-006
778,sub-NDARLK306VR9/ses-HCP/gen-046
779,sub-NDARLK306VR9/ses-HCP/gen-049
780,sub-NDARLK306VR9/ses-HCP/gen-022
781,sub-NDARLK306VR9/ses-HCP/gen-014
782,sub-NDARLK306VR9/ses-HCP/gen-047
783,sub-NDARLK306VR9/ses-HCP/gen-017
784,sub-NDARLK306VR9/ses-HCP/gen-002
785,sub-NDARLK306VR9/ses-HCP/gen-003
786,sub-NDARLK306VR9/ses-HCP/gen-037
787,sub-NDARLK306VR9/ses-HCP/gen-012
788,sub-NDARLK306VR9/ses-HCP/gen-040
789,sub-NDARLK306VR9/ses-HCP/gen-009
790,sub-NDARLK306VR9/ses-HCP/gen-045
791,sub-NDARLK306VR9/ses-HCP/gen-000
792,sub-NDARLK306VR9/ses-HCP/gen-026
793,sub-NDARLK306VR9/ses-HCP/gen-004
794,sub-NDARLK306VR9/ses-HCP/gen-028
795,sub-NDARLK306VR9/ses-HCP/gen-011
796,sub-NDARLK306VR9/ses-HCP/gen-035
797,sub-NDARNP962TJK/ses-HCP/gen-005
798,sub-NDARNP962TJK/ses-HCP/gen-044
799,sub-NDARNP962TJK/ses-HCP/gen-024
800,sub-NDARNP962TJK/ses-HCP/gen-016
801,sub-NDARNP962TJK/ses-HCP/gen-048
802,sub-NDARNP962TJK/ses-HCP/gen-038
803,sub-NDARNP962TJK/ses-HCP/gen-033
804,sub-NDARNP962TJK/ses-HCP/gen-010
805,sub-NDARNP962TJK/ses-HCP/gen-031
806,sub-NDARNP962TJK/ses-HCP/gen-043
807,sub-NDARNP962TJK/ses-HCP/gen-027
808,sub-NDARNP962TJK/ses-HCP/gen-020
809,sub-NDARNP962TJK/ses-HCP/gen-039
810,sub-NDARNP962TJK/ses-HCP/gen-018
811,sub-NDARNP962TJK/ses-HCP/gen-029
812,sub-NDARNP962TJK/ses-HCP/gen-orig
813,sub-NDARNP962TJK/ses-HCP/gen-036
814,sub-NDARNP962TJK/ses-HCP/gen-030
815,sub-NDARNP962TJK/ses-HCP/gen-042
816,sub-NDARNP962TJK/ses-HCP/gen-019
817,sub-NDARNP962TJK/ses-HCP/gen-025
818,sub-NDARNP962TJK/ses-HCP/gen-023
819,sub-NDARNP962TJK/ses-HCP/gen-041
820,sub-NDARNP962TJK/ses-HCP/gen-013
821,sub-NDARNP962TJK/ses-HCP/gen-021
822,sub-NDARNP962TJK/ses-HCP/gen-001
823,sub-NDARNP962TJK/ses-HCP/gen-015
824,sub-NDARNP962TJK/ses-HCP/gen-007
825,sub-NDARNP962TJK/ses-HCP/gen-034
826,sub-NDARNP962TJK/ses-HCP/gen-032
827,sub-NDARNP962TJK/ses-HCP/gen-008
828,sub-NDARNP962TJK/ses-HCP/gen-006
829,sub-NDARNP962TJK/ses-HCP/gen-046
830,sub-NDARNP962TJK/ses-HCP/gen-049
831,sub-NDARNP962TJK/ses-HCP/gen-022
832,sub-NDARNP962TJK/ses-HCP/gen-014
833,sub-NDARNP962TJK/ses-HCP/gen-047
834,sub-NDARNP962TJK/ses-HCP/gen-017
835,sub-NDARNP962TJK/ses-HCP/gen-002
836,sub-NDARNP962TJK/ses-HCP/gen-003
837,sub-NDARNP962TJK/ses-HCP/gen-037
838,sub-NDARNP962TJK/ses-HCP/gen-012
839,sub-NDARNP962TJK/ses-HCP/gen-040
840,sub-NDARNP962TJK/ses-HCP/gen-009
841,sub-NDARNP962TJK/ses-HCP/gen-045
842,sub-NDARNP962TJK/ses-HCP/gen-000
843,sub-NDARNP962TJK/ses-HCP/gen-026
844,sub-NDARNP962TJK/ses-HCP/gen-004
845,sub-NDARNP962TJK/ses-HCP/gen-028
846,sub-NDARNP962TJK/ses-HCP/gen-011
847,sub-NDARNP962TJK/ses-HCP/gen-035
848,sub-NDARRB889VDF/ses-HCP/gen-005
849,sub-NDARRB889VDF/ses-HCP/gen-044
850,sub-NDARRB889VDF/ses-HCP/gen-024
851,sub-NDARRB889VDF/ses-HCP/gen-016
852,sub-NDARRB889VDF/ses-HCP/gen-048
853,sub-NDARRB889VDF/ses-HCP/gen-038
854,sub-NDARRB889VDF/ses-HCP/gen-033
855,sub-NDARRB889VDF/ses-HCP/gen-010
856,sub-NDARRB889VDF/ses-HCP/gen-031
857,sub-NDARRB889VDF/ses-HCP/gen-043
858,sub-NDARRB889VDF/ses-HCP/gen-027
859,sub-NDARRB889VDF/ses-HCP/gen-020
860,sub-NDARRB889VDF/ses-HCP/gen-039
861,sub-NDARRB889VDF/ses-HCP/gen-018
862,sub-NDARRB889VDF/ses-HCP/gen-029
863,sub-NDARRB889VDF/ses-HCP/gen-orig
864,sub-NDARRB889VDF/ses-HCP/gen-036
865,sub-NDARRB889VDF/ses-HCP/gen-030
866,sub-NDARRB889VDF/ses-HCP/gen-042
867,sub-NDARRB889VDF/ses-HCP/gen-019
868,sub-NDARRB889VDF/ses-HCP/gen-025
869,sub-NDARRB889VDF/ses-HCP/gen-023
870,sub-NDARRB889VDF/ses-HCP/gen-041
871,sub-NDARRB889VDF/ses-HCP/gen-013
872,sub-NDARRB889VDF/ses-HCP/gen-021
873,sub-NDARRB889VDF/ses-HCP/gen-001
874,sub-NDARRB889VDF/ses-HCP/gen-015
875,sub-NDARRB889VDF/ses-HCP/gen-007
876,sub-NDARRB889VDF/ses-HCP/gen-034
877,sub-NDARRB889VDF/ses-HCP/gen-032
878,sub-NDARRB889VDF/ses-HCP/gen-008
879,sub-NDARRB889VDF/ses-HCP/gen-006
880,sub-NDARRB889VDF/ses-HCP/gen-046
881,sub-NDARRB889VDF/ses-HCP/gen-049
882,sub-NDARRB889VDF/ses-HCP/gen-022
883,sub-NDARRB889VDF/ses-HCP/gen-014
884,sub-NDARRB889VDF/ses-HCP/gen-047
885,sub-NDARRB889VDF/ses-HCP/gen-017
886,sub-NDARRB889VDF/ses-HCP/gen-002
887,sub-NDARRB889VDF/ses-HCP/gen-003
888,sub-NDARRB889VDF/ses-HCP/gen-037
889,sub-NDARRB889VDF/ses-HCP/gen-012
890,sub-NDARRB889VDF/ses-HCP/gen-040
891,sub-NDARRB889VDF/ses-HCP/gen-009
892,sub-NDARRB889VDF/ses-HCP/gen-045
893,sub-NDARRB889VDF/ses-HCP/gen-000
894,sub-NDARRB889VDF/ses-HCP/gen-026
895,sub-NDARRB889VDF/ses-HCP/gen-004
896,sub-NDARRB889VDF/ses-HCP/gen-028
897,sub-NDARRB889VDF/ses-HCP/gen-011
898,sub-NDARRB889VDF/ses-HCP/gen-035
899,sub-NDARJE271DMC/ses-VNav/gen-005
900,sub-NDARJE271DMC/ses-VNav/gen-044
901,sub-NDARJE271DMC/ses-VNav/gen-024
902,sub-NDARJE271DMC/ses-VNav/gen-016
903,sub-NDARJE271DMC/ses-VNav/gen-048
904,sub-NDARJE271DMC/ses-VNav/gen-038
905,sub-NDARJE271DMC/ses-VNav/gen-033
906,sub-NDARJE271DMC/ses-VNav/gen-010
907,sub-NDARJE271DMC/ses-VNav/gen-031
908,sub-NDARJE271DMC/ses-VNav/gen-043
909,sub-NDARJE271DMC/ses-VNav/gen-027
910,sub-NDARJE271DMC/ses-VNav/gen-020
911,sub-NDARJE271DMC/ses-VNav/gen-039
912,sub-NDARJE271DMC/ses-VNav/gen-018
913,sub-NDARJE271DMC/ses-VNav/gen-029
914,sub-NDARJE271DMC/ses-VNav/gen-orig
915,sub-NDARJE271DMC/ses-VNav/gen-036
916,sub-NDARJE271DMC/ses-VNav/gen-030
917,sub-NDARJE271DMC/ses-VNav/gen-042
918,sub-NDARJE271DMC/ses-VNav/gen-019
919,sub-NDARJE271DMC/ses-VNav/gen-025
920,sub-NDARJE271DMC/ses-VNav/gen-023
921,sub-NDARJE271DMC/ses-VNav/gen-041
922,sub-NDARJE271DMC/ses-VNav/gen-013
923,sub-NDARJE271DMC/ses-VNav/gen-021
924,sub-NDARJE271DMC/ses-VNav/gen-001
925,sub-NDARJE271DMC/ses-VNav/gen-015
926,sub-NDARJE271DMC/ses-VNav/gen-007
927,sub-NDARJE271DMC/ses-VNav/gen-034
928,sub-NDARJE271DMC/ses-VNav/gen-032
929,sub-NDARJE271DMC/ses-VNav/gen-008
930,sub-NDARJE271DMC/ses-VNav/gen-006
931,sub-NDARJE271DMC/ses-VNav/gen-046
932,sub-NDARJE271DMC/ses-VNav/gen-049
933,sub-NDARJE271DMC/ses-VNav/gen-022
934,sub-NDARJE271DMC/ses-VNav/gen-014
935,sub-NDARJE271DMC/ses-VNav/gen-047
936,sub-NDARJE271DMC/ses-VNav/gen-017
937,sub-NDARJE271DMC/ses-VNav/gen-002
938,sub-NDARJE271DMC/ses-VNav/gen-003
939,sub-NDARJE271DMC/ses-VNav/gen-037
940,sub-NDARJE271DMC/ses-VNav/gen-012
941,sub-NDARJE271DMC/ses-VNav/gen-040
942,sub-NDARJE271DMC/ses-VNav/gen-009
943,sub-NDARJE271DMC/ses-VNav/gen-045
944,sub-NDARJE271DMC/ses-VNav/gen-000
945,sub-NDARJE271DMC/ses-VNav/gen-026
946,sub-NDARJE271DMC/ses-VNav/gen-004
947,sub-NDARJE271DMC/ses-VNav/gen-028
948,sub-NDARJE271DMC/ses-VNav/gen-011
949,sub-NDARJE271DMC/ses-VNav/gen-035
950,sub-NDARFD316UD2/ses-VNav/gen-005
951,sub-NDARFD316UD2/ses-VNav/gen-044
952,sub-NDARFD316UD2/ses-VNav/gen-024
953,sub-NDARFD316UD2/ses-VNav/gen-016
954,sub-NDARFD316UD2/ses-VNav/gen-038
955,sub-NDARFD316UD2/ses-VNav/gen-033
956,sub-NDARFD316UD2/ses-VNav/gen-010
957,sub-NDARFD316UD2/ses-VNav/gen-031
958,sub-NDARFD316UD2/ses-VNav/gen-043
959,sub-NDARFD316UD2/ses-VNav/gen-027
960,sub-NDARFD316UD2/ses-VNav/gen-020
961,sub-NDARFD316UD2/ses-VNav/gen-039
962,sub-NDARFD316UD2/ses-VNav/gen-018
963,sub-NDARFD316UD2/ses-VNav/gen-029
964,sub-NDARFD316UD2/ses-VNav/gen-orig
965,sub-NDARFD316UD2/ses-VNav/gen-036
966,sub-NDARFD316UD2/ses-VNav/gen-030
967,sub-NDARFD316UD2/ses-VNav/gen-042
968,sub-NDARFD316UD2/ses-VNav/gen-025
969,sub-NDARFD316UD2/ses-VNav/gen-023
970,sub-NDARFD316UD2/ses-VNav/gen-013
971,sub-NDARFD316UD2/ses-VNav/gen-021
972,sub-NDARFD316UD2/ses-VNav/gen-001
973,sub-NDARFD316UD2/ses-VNav/gen-015
974,sub-NDARFD316UD2/ses-VNav/gen-034
975,sub-NDARFD316UD2/ses-VNav/gen-032
976,sub-NDARFD316UD2/ses-VNav/gen-008
977,sub-NDARFD316UD2/ses-VNav/gen-006
978,sub-NDARFD316UD2/ses-VNav/gen-046
979,sub-NDARFD316UD2/ses-VNav/gen-049
980,sub-NDARFD316UD2/ses-VNav/gen-014
981,sub-NDARFD316UD2/ses-VNav/gen-047
982,sub-NDARFD316UD2/ses-VNav/gen-017
983,sub-NDARFD316UD2/ses-VNav/gen-002
984,sub-NDARFD316UD2/ses-VNav/gen-003
985,sub-NDARFD316UD2/ses-VNav/gen-037
986,sub-NDARFD316UD2/ses-VNav/gen-012
987,sub-NDARFD316UD2/ses-VNav/gen-040
988,sub-NDARFD316UD2/ses-VNav/gen-009
989,sub-NDARFD316UD2/ses-VNav/gen-045
990,sub-NDARFD316UD2/ses-VNav/gen-000
991,sub-NDARFD316UD2/ses-VNav/gen-026
992,sub-NDARFD316UD2/ses-VNav/gen-004
993,sub-NDARFD316UD2/ses-VNav/gen-028
994,sub-NDARFD316UD2/ses-VNav/gen-011
995,sub-NDARFD316UD2/ses-VNav/gen-035
